url,location
https://www.airborne.com,"[51.9952189, 4.3648123]"
simpact.co,"[52.01060289999999, 4.3571323]"
abfresearch.nl/,"[52.0136165, 4.3591561]"
plafonddroogrek.nl/,"[52.0257626, 4.3556992]"
https://www.fatec-engineering.com/,"[52.0021919, 4.3735766]"
wolkenclothing.com/,"[52.0098366, 4.3625276]"
www.tribess.com/,"[51.99378069999999, 4.3871215]"
www.comon-invent.com/,"[51.9847985, 4.335597]"
onlinepaymentplatform.com,"[52.0063185, 4.3635353]"
coolloom.nl/,"[52.0118724, 4.3675934]"
www.brightsight.com,"[52.02648689999999, 4.3574769]"
www.wegain.nl/,"[51.9897258, 4.3696766]"
https://ke-chain.com/nl/,"[51.99364, 4.387074]"
delft-imp.nl/,"[51.9929128, 4.384589399999999]"
www.riscure.com,"[51.9979163, 4.3856156]"
biodentify.ai,"[51.9972436, 4.383291499999999]"
fleetcleaner.com,"[52.00803, 4.3713108]"
www.pyxis-discovery.com/index.html,"[51.9970001, 4.3850888]"
gorespyre.com/,"[51.9933333, 4.3869444]"
www.senz.com,"[51.99815419999999, 4.3538453]"
www.geosignum.nl/,"[51.9920317, 4.3885891]"
www.c-cube-international.com,"[51.9932666, 4.3857791]"
www.p2endure-project.eu,"[-1, -1]"
varows.com,"[52.0109082, 4.3683907]"
nerdslikeus.nl/,"[51.9973396, 4.3532074]"
en.laevo.nl/,"[52.0279696, 4.3538133]"
manometric.nl/,"[52.0706824, 4.3974403]"
papiopad.nl/,"[52.0044608, 4.3597039]"
www.insyde.nl,"[52.0093185, 4.3580985]"
www.nextocean.nl/,"[52.0171888, 4.3595953]"
www.hydrologic.com,"[52.0071396, 4.3582239]"
www.delmic.com/,"[52.0084743, 4.3685027]"
www.calcasa.nl,"[52.01157689999999, 4.3570677]"
mediamedics.nl,"[52.0093263, 4.3537469]"
www.couplespicks.com,"[52.0117883, 4.3602248]"
irm-sys.com/,"[52.0042319, 4.3661048]"
e-semble.com/,"[52.0027853, 4.354036499999999]"
reinierdegraaf.nl/,"[51.9979257, 4.3394012]"
www.medishielddelft.com,"[52.0093469, 4.3526808]"
https://www.keykeg.com/,"[52.9110922, 4.789281799999999]"
www.aanmelder.nl,"[52.010623, 4.354971]"
tipit.to,"[52.0181359, 4.354547999999999]"
brondexshop.com,"[52.0075606, 4.3622318]"
www.tracefy.com/,"[52.0404834, 4.3286722]"
orbitaleye.nl/,"[52.01430209999999, 4.3761632]"
soopexclusive.com/,"[52.01427349999999, 4.3537422]"
www.aandegracht.nl,"[52.1600164, 4.4916437]"
www.34rose.nl,"[51.9815032, 4.342721099999999]"
www.thermeleon.nl/,"[52.00456730000001, 4.369791200000001]"
www.praxasense.com/,"[51.9937918, 4.3871633]"
chipin.nl,"[51.9864653, 4.3457019]"
rhmdc.nl/,"[51.9971107, 4.3383088]"
www.rocsys.com/,"[52.03428479999999, 4.346220199999999]"
https://www.jacksavior.com/,"[51.99377750000001, 4.3871094]"
www.inkless.ink,"[52.0041371, 4.3511921]"
www.appsilonscientific.com,"[52.0073261, 4.3564129]"
www.qualinx.nl/,"[51.9928105, 4.3850773]"
www.knottenwol.nl,"[52.0114908, 4.3633088]"
www.birdcontrolgroup.com,"[51.9931085, 4.3853591]"
www.sujola.com/,"[52.0114446, 4.358448399999999]"
www.delftdynamics.nl/,"[51.9931639, 4.3857805]"
www.uvsmart.nl/,"[52.0276055, 4.3553372]"
www.techmaus.nl/,"[-1, -1]"
flexsolsolutions.com,"[51.9921359, 4.3728042]"
www.robot-rose.nl/nc/home,"[51.9933333, 4.3869444]"
www.deltares.nl/,"[51.9857533, 4.380139]"
www.skopei360.com/,"[52.007223, 4.369496]"
https://www.spinintech.com/,"[51.9977872, 4.3555642]"
www.symbaloo.com,"[52.01119629999999, 4.3618634]"
www.turff.nl/,"[51.9951269, 4.3673132]"
http://www.wabco-auto.com/wabco/,"[51.9943985, 4.4022457]"
www.vabi.nl/,"[52.0258804, 4.362718800000001]"
www.lacquey.nl,"[52.00805219999999, 4.371319]"
naturesprinciples.eu/,"[-1, -1]"
robobusinessmedia.com,"[52.0079807, 4.3713092]"
https://aels.nl/,"[52.0339883, 4.4987289]"
www.bizziphone.com,"[52.0127836, 4.3752202]"
www.aame.nl,"[52.01453069999999, 4.3758036]"
www.stilwearable.com/,"[51.9931568, 4.385791999999999]"
www.qsight.nl/,"[51.4133347, 5.4256307]"
bigmile.eu,"[52.1395189, 5.0406552]"
sealeau.com/,"[52.01219390000001, 4.3547889]"
www.kindowblinds.com/,"[51.9929322, 4.3858403]"
www.fox-it.com/en/,"[52.0134579, 4.3772951]"
wavyr.com,"[51.9897258, 4.3696766]"
uniresearch.com,"[51.9977797, 4.3853019]"
www.mylenses.nl/,"[52.0107887, 4.3582991]"
vastinvorm.nl/,"[52.01809309999999, 4.3543046]"
planmaat.nl/index.php,"[52.0040397, 4.3583719]"
https://ursaminor.nl/,"[52.0021919, 4.3735766]"
www.kinesis.nl/,"[52.0101446, 4.3707608]"
magneto.systems,"[51.929828, 4.4010033]"
www.clinicalgraphics.com,"[51.99301939999999, 4.3850086]"
www.forze-delft.nl/,"[51.9954778, 4.366459]"
www.physee.eu/,"[52.000223, 4.3769195]"
catena.tech/,"[51.996999, 4.3856494]"
www.wineswine.nl/,"[52.1569113, 4.4729833]"
bryder.com/,"[52.0063629, 4.366361299999999]"
www.rabbitblast.nl,"[52.0073579, 4.3744517]"
www.orangewings.nl/,"[52.0098023, 4.3557828]"
www.biznizcoach.nl/,"[52.0084885, 4.3642017]"
orangeqs.com,"[51.99588989999999, 4.382248]"
elementalwatermakers.com,"[52.097894, 4.2646807]"
www.blue21.nl,"[52.0165616, 4.3592207]"
www.medibo.nl,"[52.0093469, 4.3526808]"
https://flyaeolus.com/nl/,"[51.8728541, 4.3717782]"
www.i-site.nl,"[52.0064554, 4.357440899999999]"
www.seriatym.com,"[52.0073261, 4.3564129]"
www.tabdeelee.com,"[52.01157689999999, 4.3570677]"
www.innatera.com/,"[52.02780139999999, 4.3532011]"
www.economy.nl/,"[52.0090759, 4.3582886]"
robohouse.nl/,"[52.00805219999999, 4.371319]"
maeve.aero,"[51.9934806, 4.387112399999999]"
trading-engineered.com,"[-1, -1]"
hyperiontechnologies.nl,"[51.9887573, 4.3631284]"
www.horti-ict.nl/index.html,"[51.9837786, 4.3535651]"
vertigo-tech.com/,"[51.9933333, 4.3869444]"
www.balancedeau.nl/,"[-1, -1]"
omniyou.nl,"[52.000051, 4.3550867]"
www.buhashop.com/,"[52.012729, 4.359017]"
www.biosphere.solar,"[-1, -1]"
www.medivacature.nl,"[52.0110265, 4.3604558]"
www.ictkring-delft.nl,"[52.0085321, 4.3599843]"
polytential.eu/,"[51.9934806, 4.387112399999999]"
https://sa-asimov.nl/,"[52.0011883, 4.3726071]"
guama.nl/,"[-1, -1]"
prosper-it.nl,"[52.01157689999999, 4.3570677]"
www.nuonsolarteam.nl/,"[51.9877076, 4.3732893]"
www.nowi-energy.com,"[51.9930181, 4.3858242]"
www.sceneryenzo.nl/,"[52.0063504, 4.3527379]"
www.gittalou.com/,"[52.01133489999999, 4.363053799999999]"
joaairsolutions.com,"[51.9972436, 4.3832914]"
www.harddisk-recovery.nl,"[51.9971933, 4.3821628]"
socialinnovation-europe.com/,"[51.9933333, 4.3869444]"
www.nen.nl,"[51.9884976, 4.362073]"
vizeno.nl/,"[-1, -1]"
www.senseglove.com,"[51.9933978, 4.386851099999999]"
www.windchallenge.com,"[-1, -1]"
caricecars.com/en/,"[52.2410085, 4.4985827]"
www.sentimention.com,"[51.9883156, 4.3609593]"
nmi.nl/,"[51.9866349, 4.3861718]"
www.perclass.com/,"[51.99107309999999, 4.3891477]"
we4sea.com/,"[51.9233492, 4.4689952]"
standoutnow.nl/,"[51.9960057, 4.3696579]"
www.kitepower.nl,"[51.9952189, 4.3648123]"
www.pan4gold.nl,"[-1, -1]"
https://www.exact.com/nl,"[51.990264, 4.389788999999999]"
gilotechnologies.com/,"[-1, -1]"
www.applikon-bio.com/en/,"[51.98684830000001, 4.377741299999999]"
www.vormbizz.nl/,"[52.0029266, 4.3430807]"
reefy.nl/,"[-1, -1]"
www.giv-it.nl,"[52.0066161, 4.3597389]"
www.mapperlithography.com,"[51.9982081, 4.3813292]"
www.airtrotter.com,"[52.0101382, 4.375174599999999]"
www.triquanta.nl/,"[52.0104153, 4.3585926]"
clevr.net/,"[51.9934806, 4.387112399999999]"
http://www.hcinnovations.nl/,"[52.1631057, 4.4760939]"
https://actiflow.com/,"[52.0122116, 4.3567871]"
solarswing.com/,"[51.9938289, 4.3873524]"
9signals.com,"[52.012372, 4.353133199999999]"
massence.com,"[52.0118515, 4.3579232]"
https://www.isispace.nl/,"[51.9893469, 4.362981899999999]"
https://gtm-as.com/,"[52.043065, 4.355509]"
www.pixlbar.com,"[52.00647530000001, 4.3616319]"
https://www.atmosuav.com/,"[51.9933333, 4.3869444]"
www.anteverta-mw.com/,"[51.4140836, 5.458589]"
www.dab.bio,"[52.0154815, 4.3389072]"
www.dlserv.nl/,"[51.9928105, 4.3850773]"
www.artefact.nl,"[52.0154816, 4.3595727]"
bexter.nl/,"[52.0000614, 4.3550537]"
vortech.nl,"[52.0025497, 4.3535353]"
peeeks.energy/,"[51.9252166, 4.478866399999999]"
www.sportinnova.nl,"[-1, -1]"
projectonderdelen.nl/,"[-1, -1]"
www.agium.nl/,"[51.9969002, 4.3822087]"
memoryzer.com,"[52.0124626, 4.3594503]"
www.phosphoenix.nl/,"[52.0110799, 4.3544436]"
www.cropzoomer.farm/,"[52.0021919, 4.3735766]"
https://ale.nl/,"[51.987045, 4.3688125]"
www.qdelft.nl,"[52.0077787, 4.3674251]"
woohoodesign.nl/,"[52.01128869999999, 4.3299147]"
www.ict-services.nl,"[51.9904075, 4.373549500000001]"
www.awebsolution.nl/,"[51.9941089, 4.3592657]"
www.faqtory.nl/,"[52.0084443, 4.3602569]"
www.bosstudelft.nl,"[52.0054498, 4.3698643]"
www.bioclin.com/,"[51.9979163, 4.3856156]"
www.uhuw.nl,"[51.9876592, 4.376999]"
dewoodstok.nl,"[52.0073261, 4.3564129]"
www.conceptsthatmatter.com,"[52.0107928, 4.3579143]"
www.spectralindustries.com/,"[51.99515969999999, 4.3672984]"
pinewood.nl/,"[51.9972388, 4.3841281]"
www.imsystems.nl,"[52.034095, 4.3462247]"
secrethub.io,"[51.9930141, 4.3857629]"
www.operationair.org/,"[51.98990939999999, 4.3753215]"
www.goedemiddag.nl,"[52.0130636, 4.3546829]"
www.mapiq.com/,"[52.0200651, 4.351446]"
www.ampelmann.nl/,"[51.9902913, 4.3736008]"
www.ebusinesspro.nl/,"[52.003043, 4.342905]"
www.t4design.nl/,"[51.9795062, 4.350252]"
www.mtb3d.com/,"[-1, -1]"
www.safetychanger.com,"[51.9252166, 4.478866399999999]"
www.xvrsim.com/,"[52.0027853, 4.354036499999999]"
www.mythronics.com,"[51.9934806, 4.387112399999999]"
www.disdro.com,"[51.9964398, 4.3535056]"
www.nashinvestment.com/,"[52.0073261, 4.3564129]"
www.dewarmte.nl/,"[51.9934806, 4.387112399999999]"
www.sparksheet.io,"[52.0073261, 4.3564129]"
www.sporebi.com,"[52.1308097, 4.4624975]"
https://www.inholland.nl/,"[52.0001973, 4.368856399999999]"
imounts.nl/,"[51.99871599999999, 4.3543649]"
https://www.t-minus.nl/,"[51.993398, 4.386851]"
www.isispace.nl,"[51.9893469, 4.362981899999999]"
www.it4hire.nl,"[52.0104335, 4.3586539]"
www.zeroemissionfuels.com/,"[52.0073261, 4.3564129]"
www.mobycon.nl,"[52.0045809, 4.3599744]"
www.juliasbags.nl,"[52.0110162, 4.358865499999999]"
fairzekering.nl/,"[51.9864653, 4.3457019]"
www.shake-on.com/,"[52.0104467, 4.3607736]"
it4success.nl/,"[52.0258671, 4.356980099999999]"
www.teinstruments.com/,"[51.9826105, 4.3745078]"
drukkerpro.nl/,"[52.000051, 4.3550867]"
www.teamers.nl,"[52.0071695, 4.3608088]"
www.un-ihe.org,"[52.0089365, 4.3566444]"
www.plankenkoorts.com/,"[51.9965949, 4.3720159]"
www.webbende.nl/,"[52.0025406, 4.3571422]"
www.e-looks.nl/,"[52.0067251, 4.3603157]"
https://ch.tudelft.nl/,"[51.9986784, 4.3730555]"
www.exo-l.com,"[51.9319644, 4.539745]"
indruk-lasersnijden.nl/,"[52.0212314, 4.3490878]"
www.dentalrobotics.nl/,"[51.9833226, 4.372699600000001]"
www.conferencecompass.com/,"[52.0739379, 4.334913999999999]"
www.pluton.nl,"[52.0021919, 4.3735766]"
officevitae.com,"[51.9933333, 4.3869444]"
www.dc-hive.com/,"[51.9934806, 4.387112399999999]"
www.jetcamp.com,"[51.9875137, 4.377083799999999]"
www.tdvg.nl,"[51.99377990000001, 4.3871185]"
www.barcelonete.com,"[52.0108605, 4.358571299999999]"
geschenkenlaantje.eu/,"[51.984628, 4.37269]"
http://www.taniq.com/,"[51.9402817, 4.404222799999999]"
www.ogd.nl,"[51.9904075, 4.373549500000001]"
kalibra.nl/,"[51.9972304, 4.3828933]"
paramander.com,"[51.9952806, 4.3534353]"
blulocks.com,"[52.0118771, 4.3581889]"
www.element.nl,"[51.9971316, 4.3821028]"
https://www.airborne.com/,"[51.9952189, 4.3648123]"
www.dynamic-ear.com/,"[51.99691079999999, 4.3822027]"
https://www.innosysdelft.com/,"[52.0118613, 4.3718986]"
www.ikea.com/,"[52.01291399999999, 4.3816519]"
www.delightinteractive.com,"[52.0060932, 4.3589986]"
www.exact.com,"[51.990264, 4.389788999999999]"
www.laurganiq.nl/,"[52.0073261, 4.3564129]"
www.dreamsolution.nl,"[52.00458, 4.359974]"
www.dentallect.nl,"[52.01036509999999, 4.3473675]"
nutralinea.com/,"[-1, -1]"
www.delftspectech.com/,"[51.99515969999999, 4.3672984]"
kinergizer.com,"[51.9928105, 4.3850773]"
www.kempen-begeer.nl/,"[52.015474, 4.300694]"
www.topdealer.nl,"[52.0106074, 4.3617468]"
todaytomorrow.nl/,"[51.9251054, 4.4781675]"
www.supersola.com/,"[-1, -1]"
www.interweave.nl,"[52.0198204, 4.3619653]"
vanklassemode.nl/,"[51.9974202, 4.3542518]"
jiaco-instruments.com/,"[52.0014009, 4.3668872]"
www.fotobister.nl,"[52.012225, 4.358957999999999]"
sintjansbrug.nl,"[52.0094302, 4.3580112]"
www.refreshingmenus.com,"[52.01505419999999, 4.3671614]"
watermappers.com,"[52.0021919, 4.3735766]"
www.akvo.org,"[52.0089365, 4.3566444]"
www.dianafea.com,"[51.98585190000001, 4.3877016]"
www.stickerkamer.nl,"[52.01877709999999, 4.3361456]"
prosim-ar.com/,"[51.9868101, 4.375590799999999]"
www.solho.eu/,"[52.0093283, 4.364138899999999]"
flexous.com,"[51.9929128, 4.384589399999999]"
www.datreco.nl,"[51.99583879999999, 4.1958536]"
sensar.nl,"[52.01430209999999, 4.3761632]"
www.jewelsuite.com,"[51.9972436, 4.3832914]"
www.placert.com/,"[51.982128, 4.3465737]"
www.m-industries.com,"[51.9874261, 4.3770171]"
dutchincubator.nl/,"[51.9933333, 4.3869444]"
www.gobiond.com/,"[51.9931568, 4.385791999999999]"
www.mesmancommunicatie.nl/,"[51.98871090000001, 4.363129799999999]"
www.gxgate.com,"[52.0109082, 4.3683907]"
https://www.mars-one.com/,"[52.0106024, 4.358458199999999]"
www.vsl.nl,"[51.9854026, 4.388173699999999]"
www.elwave.com,"[52.0073261, 4.3564129]"
nerdalize.com/,"[51.9930422, 4.3858164]"
www.myadjuvo.com,"[-1, -1]"
www.auxilium.nl/,"[52.0125521, 4.3531013]"
veramaris.com,"[-1, -1]"
www.abelsensors.com/,"[52.0161105, 4.3527964]"
agilecockpit.com,"[52.02596, 4.35658]"
bluemesa.nl/,"[52.1298437, 4.6318599]"
zanderlabs.com/,"[51.9972749, 4.3832719]"
www.qooling.com,"[52.0902268, 4.3241856]"
greetinq.com/,"[51.9938098, 4.3872674]"
www.mojo.nl/,"[52.01549, 4.352647999999999]"
www.3dsoftware.nl,"[51.9876592, 4.376999]"
www.bkcookware.com/,"[52.0154709, 4.3006977]"
www.pyropower.eu,"[52.1846107, 4.4760795]"
www.anything-connected.com,"[51.9933978, 4.386851099999999]"
variscopic.nl,"[52.0008965, 4.3719732]"
www.qiqaboo.com,"[51.9989085, 4.3537551]"
www.twinkletwinklestars.nl/,"[52.0063893, 4.3240373]"
mayht.com/,"[52.009916, 4.3565072]"
www.a-dato.com/,"[52.00701, 4.3667996]"
hellocrumpet.co.uk,"[51.9886259, 4.3717195]"
www.prolocation.net,"[51.9824885, 4.3728032]"
mmid-group.com,"[52.0062601, 4.3589593]"
www.orangepearl.com,"[52.02586729999999, 4.3570093]"
www.seneca.nl,"[52.0279086, 4.3548078]"
www.ggz-delfland.nl/,"[52.0221442, 4.360828]"
www.delfly.nl,"[52.0021919, 4.3735766]"
www.circularclockworks.com,"[52.007973, 4.360362800000001]"
hardt.global/,"[51.9994403, 4.3761734]"
www.easy-lms.com,"[52.009318, 4.358099000000001]"
https://www.wavyr.com/,"[51.9897258, 4.3696766]"
www.weatherfinecasting.com/,"[51.992878, 4.3846127]"
www.radioaccess.nl,"[51.9896421, 4.3709503]"
www.urbanaccess.nl,"[52.082293, 4.310724]"
www.birds.ai,"[52.079161, 4.341876099999999]"
streetads.nl/,"[51.9881229, 4.3585575]"
www.carbonx.nl/,"[51.9931568, 4.385791999999999]"
https://www.dehaagsehogeschool.nl/,"[52.001878, 4.367376]"
www.slimapplications.com/,"[52.0072234, 4.369496199999999]"
www.fairflow.eu,"[52.0021919, 4.3735766]"
www.omgevingsalert.nl/,"[52.0088449, 4.3668361]"
mobilewatermanagement.nl/,"[51.99819670000001, 4.3784141]"
www.sandgrain.eu/,"[51.99678960000001, 4.3736666]"
old.euroavia.eu/,"[52.01157689999999, 4.3570677]"
www.eggplanned.com,"[52.0082797, 4.3660527]"
weaverhq.com,"[52.0020532, 4.3699161]"
www.checkzis.com,"[51.9974151, 4.3537054]"
pietervanforeest.nl/,"[51.9882646, 4.360644400000001]"
www.villari.nl/,"[51.9934806, 4.387112399999999]"
www.aerovinci.com,"[52.0072234, 4.369496199999999]"
www.systemat-ic.com/,"[51.996437, 4.385406199999999]"
www.mbsdh.nl/,"[52.007483, 4.327715]"
www.vanessen.com,"[51.9967134, 4.3831029]"
mqmlegal.com,"[51.9865828, 4.3456304]"
www.tradecloud1.com,"[51.99345599999999, 4.387212]"
www.vostalmg.com/,"[52.2926448, 4.711091199999999]"
www.technologycatalogue.com/,"[52.0169541, 4.3588868]"
https://rsadelft.nl/,"[52.0082439, 4.3712839]"
www.demobv.nl,"[51.9975086, 4.3846725]"
www.tweezijdig.nl/,"[51.986714, 4.3397469]"
business.synano-cooling.com,"[51.993244, 4.3857298]"
www.iqevents.nl/,"[52.0040438, 4.344659399999999]"
www.mymembersoftware.com,"[52.00153450000001, 4.3397629]"
2bmedia.nl/,"[52.01806140000001, 4.3614865]"
www.hordijk.nl/,"[51.9988339, 4.3685854]"
www.embeddedacoustics.com/,"[51.9873715, 4.3676772]"
askroger.nl,"[51.99750299999999, 4.3845573]"
www.charlietemple.com,"[51.9245706, 4.4315756]"
scct.nl,"[51.99750299999999, 4.3845573]"
sd-insights.eu,"[52.0021919, 4.3735766]"
www.jacksavior.com,"[51.99377750000001, 4.3871094]"
maketek.nl,"[51.982496, 4.3728009]"
https://www.highlightdelft.nl/?lang=nl,"[51.99819670000001, 4.3784141]"
www.purasec.nl/nl/,"[51.9887751, 4.3632725]"
www.webchair.com,"[51.9936607, 4.3866678]"
https://www.viktor.ai/,"[51.92230139999999, 4.4700405]"
www.alterwood.nl,"[52.0056934, 4.3253747]"
www.marquake.com,"[51.9883156, 4.3609593]"
www.services2all.nl/,"[-1, -1]"
suit-case.nl,"[51.9189545, 4.4725682]"
www.demis.nl,"[51.9875137, 4.377083799999999]"
www.getroadmap.com,"[52.0119161, 4.3535994]"
www.nightbalance.com/,"[52.0901732, 4.3242702]"
4foldcontainers.com/,"[51.9876592, 4.376999]"
e-trailer.nl/,"[52.0404834, 4.3286722]"
sireto.com,"[52.0021919, 4.3735766]"
onlinepaymentplatform.com/,"[52.0063185, 4.3635353]"
www.rewindplayfastforward.nl,"[52.0116509, 4.3528256]"
hospitalityservicedelft.nl/,"[52.00663429999999, 4.357507]"
petitemuslima.com/,"[-1, -1]"
www.samson-it.nl,"[51.99674539999999, 4.3832054]"
www.moxio.com/,"[51.987457, 4.377021000000001]"
woub.chat/,"[52.0155954, 4.298113]"
www.aenova.nl,"[52.0049663, 4.3618999]"
www.prowareness.nl/,"[52.0259787, 4.3565912]"
www.durfdigital.nl/,"[-1, -1]"
www.delft.nl/en,"[52.01157689999999, 4.3570677]"
www.gemvision.io,"[51.9071995, 4.462739399999999]"
fulfoods.com/,"[52.0120819, 4.3569305]"
acoustic-insight.com/,"[51.9933333, 4.3869444]"
www.leeghwater.nl/nl/studenten,"[52.0003857, 4.3721456]"
www.delftsblaeu.nl/,"[51.994512, 4.365735000000001]"
www.solvge.com/,"[51.9933333, 4.3869444]"
www.infinite-acres.com,"[52.0398897, 4.3585775]"
www.flexportal.nl,"[51.9934806, 4.387112399999999]"
www.mountox.nl,"[51.9875137, 4.377083799999999]"
fdi.nl/,"[51.9858836, 4.3876967]"
3su.nl,"[52.1273704, 5.0458288]"
dyvascloset.com/,"[52.012729, 4.359017]"
www.ejbdesignery.nl,"[52.0121347, 4.3594997]"
www.globalventu.com,"[52.0021919, 4.3735766]"
www.hollandptc.nl,"[51.9905751, 4.3835982]"
www.kalpana-systems.com/,"[51.9931568, 4.385791999999999]"
www.ke-chain.com/,"[51.99364, 4.387074]"
www.e-mergo.nl,"[51.9963189, 4.3848956]"
www.goodhout.com/,"[51.909248, 4.422135]"
www.momomedical.com,"[51.9931568, 4.385791999999999]"
qblox.com/,"[51.9959388, 4.3824343]"
www.cityanalytics.nl/,"[51.9933333, 4.3869444]"
www.medicaldelta.nl/,"[52.0093469, 4.3526808]"
bitnomica.com/,"[51.9938078, 4.3872596]"
dredging.org,"[51.9875137, 4.377083799999999]"
www.delft-circuits.com,"[51.99515969999999, 4.3672984]"
fontoplumo.nl/shop/en/,"[52.0126421, 4.3619298]"
www.dutchuas.nl,"[51.9931639, 4.3857805]"
ans.app,"[51.9931568, 4.385791999999999]"
https://www.keykeg.com/,"[52.9110922, 4.789281799999999]"
qutech.nl/,"[52.0003988, 4.3750165]"
xinaps.com/,"[51.9931568, 4.385791999999999]"
www.smart-ship.eu/,"[51.9934806, 4.387112399999999]"
aerlabs.com/,"[51.9234551, 4.4691239]"
www.allesvoordefiets.nl/,"[52.0119634, 4.3629305]"
www.teamtakt.nl/bedrijven,"[52.006074, 4.359052]"
www.pkfwallast.nl/en/home/,"[51.9973018, 4.3862656]"
plotwise.com,"[52.0102591, 4.3754903]"
kissthefrog.nl,"[52.0206557, 4.351926499999999]"
www.hukseflux.com/,"[51.9978566, 4.3835423]"
www.stcorp.nl,"[52.1628572, 4.4886643]"
www.oldelft.com/,"[51.9877908, 4.3811004]"
www.meatable.com/,"[52.0184194, 4.3411599]"
www.slamortho.com,"[51.9934806, 4.387112399999999]"
www.groundstate.nl,"[52.0111877, 4.3618287]"
https://www.composites.nl/,"[51.993323, 4.385606999999999]"
www.t-minus.nl/,"[51.993398, 4.386851]"
www.allocacoc.com/,"[51.9884905, 4.3751035]"
pats-drones.com/,"[51.98990939999999, 4.3753215]"
www.quantware.eu/,"[51.99588989999999, 4.382248]"
www.vizionz.nl/,"[52.013972, 4.3768113]"
www.xelion.com,"[52.0129771, 4.3750133]"
www.webvoordeelwinkel.nl,"[52.0048821, 4.3230322]"
denoize.com/,"[51.9936732, 4.3867152]"
www.bpf.eu,"[52.0185452, 4.343770999999999]"
kopano.com/,"[51.996367, 4.3849652]"
vibestechnology.com/,"[51.9936584, 4.3866591]"
www.superlease.nl,"[51.9997589, 4.3422493]"
www.elemetal.eu/,"[51.9826105, 4.3745078]"
www.basiliskconcrete.com/,"[51.9849104, 4.3772686]"
https://rescue.resqtec.com/,"[52.2684021, 4.5624633]"
parkerendelft.com,"[52.0108204, 4.3546967]"
www.code.nl/nl/home,"[52.0170196, 4.3464757]"
www.femto.eu,"[52.0109057, 4.3562656]"
pinkie.nu,"[51.8913794, 4.500183499999999]"
www.arablu.nl,"[-1, -1]"
www.nurtio.com,"[-1, -1]"
www.primevision.com/,"[52.013972, 4.3768113]"
www.seastate5.com,"[51.9934806, 4.387112399999999]"
tilercharge.com/,"[51.9936995, 4.3717256]"
www.carbonracing.nl/,"[52.0073261, 4.3564129]"
www.qlayers.com/,"[51.9875735, 4.3687707]"
www.ruitendame.nl/,"[52.01738659999999, 4.3544653]"
https://satsearch.co/,"[52.2138442, 4.4326788]"
www.ilovedesigners.nl/,"[52.0095959, 4.359202499999999]"
www.mag-ic.nl/,"[51.9873308, 4.3662472]"
www.zite.nl/,"[52.0158375, 4.355077]"
slimygreenstuff.com/,"[51.9987249, 4.3734335]"
www.ambachtdelft.nl,"[52.01395609999999, 4.3514133]"
www.octatube.nl/,"[52.0009082, 4.3668753]"
www.luvion.com/,"[52.0265165, 4.3634204]"
www.allrackets.com,"[51.9882074, 4.3741676]"
www.ale.nl,"[51.987045, 4.3688125]"
www.carya.nl,"[51.9875137, 4.377083799999999]"
www.thetimcompany.com,"[51.98544889999999, 4.3883453]"
www.mai-bags.com,"[52.0097604, 4.3634837]"
www.levitascomposites.com/,"[51.9662157, 5.3365293]"
https://vsv.tudelft.nl/,"[52.0006166, 4.370952]"
www.loop-of-life.com/,"[51.994108, 4.3615691]"
www.lumos-dev.com/,"[51.9934806, 4.387112399999999]"
mobbr.com,"[52.0063185, 4.3635353]"
www.systemsnavigator.com/,"[51.9960878, 4.3830309]"
www.imachine.nl,"[52.011197, 4.361871499999999]"
www.insocial.eu,"[52.0123793, 4.3531238]"
flapper-drones.com/wp/,"[-1, -1]"
https://repaircafedelft.nl/,"[51.99819670000001, 4.3784141]"
www.oliviawireless.com,"[52.0021919, 4.3735766]"
vpinstruments.com,"[52.0035034, 4.343611999999999]"
https://e-trailer.nl/,"[52.0404834, 4.3286722]"
www.sping.nl,"[52.0072329, 4.359632599999999]"
www.outperformplanning.com/,"[52.00982880000001, 4.3576723]"
breeze.social,"[52.0072234, 4.369496199999999]"
www.biotechcampusdelft.com,"[52.0154815, 4.3389072]"
www.zegwaardrioolontstopping.nl/,"[51.9904094, 4.3688366]"
ivido.nl/,"[52.079161, 4.341876099999999]"
kippzonen.com,"[52.0633632, 4.5314903]"
www.delftrobotics.com,"[52.0015633, 4.367928399999999]"
www.connekt.nl,"[52.0089602, 4.3661372]"
www.estunt.nl/,"[52.0309306, 4.4463354]"
www.west.nl,"[51.98871090000001, 4.363129799999999]"
www.presentconnection.eu/,"[52.0061131, 4.3761029]"
svlife.nl/nl,"[51.9897321, 4.3796852]"
www.valleyoptics.com/,"[52.0132438, 4.359768799999999]"
www.barbaar.nl/,"[52.0115379, 4.3539802]"
www.iszgro.nl/,"[51.9970001, 4.3850888]"
elcies.com,"[51.9876592, 4.376999]"
www.planet-b.io,"[52.0155137, 4.3389864]"
www.zepholding.com/,"[51.9971563, 4.3831019]"
www.cbdmiddelen.nl/,"[52.0083723, 4.3611882]"
thefuturemobility.network/,"[51.992878, 4.3846127]"
involvit.nl,"[51.9876616, 4.3768414]"
www.zorgkeuzelab.nl/,"[52.0084416, 4.3602595]"
www.elpanav.com,"[52.0072234, 4.369496199999999]"
http://www.stcorp.nl/,"[52.1582745, 4.489561999999999]"
Kijkmijnhuis.nl,"[52.0123799, 4.353125299999999]"
www.ephicas.eu/,"[51.993343, 4.386515999999999]"
seadrone.nl,"[51.98990939999999, 4.3753215]"
www.six-pack.nl/,"[52.0098493, 4.364354]"
www.consul.com/,"[52.1794896, 4.9892616]"
www.sharesquare.com,"[51.9937577, 4.387034799999999]"
www.backupagent.com,"[52.0126751, 4.375336]"
www.vicspace.nl/,"[51.98990939999999, 4.3753215]"
https://zorgkeuzelab.nl/,"[52.0084416, 4.3602595]"
raccoon.games/,"[51.995115, 4.3641391]"
www.sample.solutions,"[51.9232457, 4.469158699999999]"
www.asgnederland.nl/,"[52.0142839, 4.3761345]"
fusion.engineering/,"[51.9901439, 4.3752523]"
rebanrobotics.com,"[52.0109905, 4.3410499]"
www.sarensar.nl,"[51.98195, 4.3790094]"
www.leanlibrary.com/,"[52.0093183, 4.3580987]"
site.calendar42.com,"[-1, -1]"
www.advier.nl,"[52.0086196, 4.3688782]"
www.cepezed.nl/en/,"[52.0090636, 4.3663842]"
www.contactworx.nl,"[52.02717819999999, 4.3561678]"
www.dutchblue.com/,"[52.00644699999999, 4.361592]"
www.royaldelft.com,"[52.0014009, 4.3668872]"
www.parapy.nl/,"[52.0165616, 4.3592207]"
www.type22.aero/,"[-1, -1]"
3komma14.nl/,"[-1, -1]"
skyframes.nl,"[52.0073261, 4.3564129]"
grayham.nl/,"[-1, -1]"
www.surge-on.eu,"[51.9875872, 4.3771552]"
https://flexsolsolutions.com/,"[51.9921359, 4.3728042]"
www.looprobots.com/,"[52.0274624, 4.3529216]"
triumphstudios.com/,"[52.0088449, 4.3668361]"
www.vorminstijl.nl,"[52.013583, 4.3543411]"
humanwave.nl,"[51.99635499999999, 4.383808]"
www.perspektief.nl,"[51.9883755, 4.3605512]"
vsparticle.com/,"[52.0200651, 4.351446]"
www.delftspeelgoed.nl/,"[52.0215991, 4.3547433]"
www.delfthyperloop.nl,"[51.9994403, 4.3761734]"
www.delftsebanen.nl/,"[51.9897735, 4.3697553]"
www.ceadgroup.com/,"[51.9889002, 4.3692774]"
www.tjip.com/,"[51.9975225, 4.3813456]"
www.crosslinemedia.nl,"[52.0079547, 4.372591]"
www.spectx.nl/,"[52.01060289999999, 4.3571323]"
www.happymatters.nl,"[52.0110269, 4.3697953]"
www.mocs.nl/,"[51.9932375, 4.385853]"
www.wellsun.nl/,"[51.9931286, 4.386988]"
terraindex.com/en/home/,"[52.0038671, 4.359024799999999]"
newestindustry.nl,"[51.99754910000001, 4.3814223]"
www.aqysta.com/,"[51.9937797, 4.3871177]"
seriousmeasures.nl/,"[51.9883282, 4.375128]"
bpo.nl,"[52.0050698, 4.3618333]"
www.Brisecare.com,"[52.0102318, 4.3755226]"
www.trcn-dienstverlening.nl,"[52.0026812, 4.369812800000001]"
infinipipe.com,"[52.0073261, 4.3564129]"
www.ruitenburg.nu/,"[52.0728416, 4.3992071]"
councyl.ai/en/councyl-makes-decision-support-av...,"[51.9974911, 4.3791391]"
www.innovattic.com/,"[52.0180324, 4.3543048]"
www.lemon-internet.nl/,"[52.0181067, 4.3659229]"
www.minimeforyou.nl/,"[52.01753, 4.3315164]"
denssolutions.com/,"[51.9976868, 4.3819]"
www.singlequantum.com/,"[51.9862209, 4.3765162]"
www.systemat-ic.com/,"[51.996437, 4.385406199999999]"
www.consul.com/,"[52.1166448, 5.0408326]"
https://www.yesdelft.com/pats/,"[51.98990939999999, 4.3753215]"
https://www.yesdelft.com/startups-addoptics/,"[51.91985409999999, 4.5009084]"
https://www.yesdelft.com/startups/xpozer/,"[52.0654282, 4.3452895]"
www.mtb3d.com/,"[-1, -1]"
www.vormbizz.nl/,"[52.0029266, 4.3430807]"
https://www.bombaycorner.nl,"[51.9946443, 4.3672398]"
https://www.yesdelft.com/startups/aqysta/,"[51.9937797, 4.3871177]"
https://delfthyperloop.nl/,"[51.9994403, 4.3761734]"
streetads.nl/,"[51.9881229, 4.3585575]"
3su.nl,"[52.1273704, 5.0458288]"
tipit.to,"[52.0181359, 4.354547999999999]"
https://www.delftsbleau.nl,"[51.994512, 4.365735000000001]"
www.innatera.com/,"[52.02780139999999, 4.3532011]"
https://www.yesdelft.com/startups-lox-solution/,"[51.9229456, 4.4671069]"
reefy.nl/,"[-1, -1]"
https://www.fairm.nl,"[51.9955693, 4.3666462]"
https://www.yesdelft.com/startups/mano-metric/,"[52.0019455, 4.3700323]"
sd-insights.eu,"[52.0021919, 4.3735766]"
catena.tech/,"[51.996999, 4.3856494]"
https://www.yesdelft.com/startups/fly-aeolus/,"[51.8728541, 4.3717782]"
www.senz.com,"[51.99815419999999, 4.3538453]"
https://www.yesdelft.com/startups/synano/,"[51.993244, 4.3857298]"
reinierdegraaf.nl/,"[51.9979257, 4.3394012]"
bpo.nl,"[52.0050698, 4.3618333]"
www.demis.nl,"[51.9875137, 4.377083799999999]"
prosper-it.nl,"[52.0021919, 4.3735766]"
https://www.yesdelft.com/startups/kitepower/,"[51.9952189, 4.3648123]"
https://www.projectmarch.nl/,"[51.9993334, 4.3762474]"
guama.nl/,"[-1, -1]"
www.infinite-acres.com,"[52.0398897, 4.3585775]"
https://www.yesdelft.com/startups/anything-connected/,"[51.9933978, 4.386851099999999]"
https://www.yesdelft.com/smartship/,"[51.9934806, 4.387112399999999]"
https://www.yesdelft.com/startups/reboocon-bionics/,"[51.9884622, 4.3750478]"
blulocks.com,"[52.0118771, 4.3581889]"
https://www.yesdelft.com/vemble/,"[52.0157104, 4.3740853]"
www.sportinnova.nl,"[-1, -1]"
www.elpanav.com,"[52.0072234, 4.369496199999999]"
https://rsadelft.nl/,"[52.0082439, 4.3712839]"
nerdalize.com/,"[51.9930422, 4.3858164]"
www.prolocation.net,"[51.9824885, 4.3728032]"
https://satsearch.co/,"[52.2138442, 4.4326788]"
www.clinicalgraphics.com,"[51.99301939999999, 4.3850086]"
kalibra.nl/,"[51.9972304, 4.3828933]"
https://www.yesdelft.com/startups/tribess/,"[51.9962557, 4.3758633]"
https://www.yesdelft.com/xosight/,"[52.0080932, 4.3711609]"
https://www.yesdelft.com/denoize/,"[51.9936732, 4.3867152]"
www.aerovinci.com,"[52.0072234, 4.369496199999999]"
https://www.yesdelft.com/startups/infinipipe/,"[52.0073261, 4.3564129]"
www.vostalmg.com/,"[52.2926448, 4.711091199999999]"
https://www.yesdelft.com/startups/flexous/,"[51.9929128, 4.384589399999999]"
www.medivacature.nl,"[52.0110265, 4.3604558]"
https://www.accenda.nl,"[51.994512, 4.365735000000001]"
terraindex.com/en/home/,"[52.0038671, 4.359024799999999]"
https://www.yesdelft.com/praxa-sense/,"[52.0426088, 4.505504999999999]"
www.arablu.nl,"[-1, -1]"
www.ggz-delfland.nl/,"[52.0221442, 4.360828]"
https://www.yesdelft.com/startups/shifft/,"[52.0085207, 4.3627539]"
www.stickerkamer.nl,"[52.01877709999999, 4.3361456]"
www.cropzoomer.farm/,"[52.0021919, 4.3735766]"
https://www.yesdelft.com/startups/media-distillery/,"[52.0050366, 4.3758424]"
https://www.yesdelft.com/starnus-technology/,"[52.0021919, 4.3735766]"
https://www.yesdelft.com/startups/skel-ex-2/,"[51.9993334, 4.3762474]"
www.hollandptc.nl,"[51.9905751, 4.3835982]"
https://www.yesdelft.com/stil/,"[51.9931568, 4.385791999999999]"
irm-sys.com/,"[52.0042319, 4.3661048]"
seadrone.nl,"[51.98990939999999, 4.3753215]"
https://www.yesdelft.com/startups/chainels/,"[51.9232515, 4.469189]"
www.m-industries.com,"[51.9874261, 4.3770171]"
https://www.spinintech.com/,"[51.9977872, 4.3555642]"
fairzekering.nl/,"[51.9864653, 4.3457019]"
brondexshop.com,"[52.0075606, 4.3622318]"
ivido.nl/,"[52.079161, 4.341876099999999]"
www.sujola.com/,"[52.0114446, 4.358448399999999]"
https://www.yesdelft.com/datafloq-mavin/,"[52.0879652, 4.320063999999999]"
www.solho.eu/,"[52.0093283, 4.364138899999999]"
bexter.nl/,"[52.0000614, 4.3550537]"
https://www.yesdelft.com/videowindow/,"[52.3503508, 4.9008516]"
www.nextocean.nl/,"[52.0171888, 4.3595953]"
woub.chat/,"[52.0155954, 4.298113]"
www.contactworx.nl,"[52.0271783, 4.3561679]"
turff.nl,"[51.9951269, 4.3673132]"
www.mai-bags.com,"[52.0139963, 4.355916700000001]"
www.fairflow.eu,"[52.0021919, 4.3735766]"
https://www.yesdelft.com/startup-reliq/,"[52.0123826, 4.3609108]"
www.moxio.com/,"[51.987457, 4.377021000000001]"
nutralinea.com/,"[-1, -1]"
https://www.yesdelft.com/startups/scoozy/,"[51.9954135, 4.3996582]"
www.airtrotter.com,"[52.0101382, 4.375174599999999]"
www.t-minus.nl/,"[51.993398, 4.386851]"
naturesprinciples.eu/,"[-1, -1]"
www.couplespicks.com,"[-1, -1]"
https://hydromotionteam.nl/,"[51.9992689, 4.3760013]"
www.embeddedacoustics.com/,"[51.9873715, 4.3676772]"
indruk-lasersnijden.nl/,"[52.0212314, 4.3490878]"
https://www.yesdelft.com/beesage/,"[52.0070044, 4.3608953]"
www.gittalou.com/,"[52.01133489999999, 4.363053799999999]"
https://www.yesdelft.com/startups/volans-rowing/,"[51.9123718, 4.5201061]"
secrethub.io,"[51.9930141, 4.3857629]"
https://www.yesdelft.com/startups/ans-delft/,"[51.9931568, 4.385791999999999]"
www.delftspeelgoed.nl/,"[52.0215991, 4.3547433]"
radostdelft.nl,"[51.994512, 4.365735000000001]"
www.elwave.com,"[52.0089053, 4.3612322]"
www.auxilium.nl/,"[52.0125521, 4.3531013]"
www.outperformplanning.com/,"[52.00982880000001, 4.3576723]"
www.easy-lms.com,"[52.009318, 4.358099000000001]"
old.euroavia.eu/,"[52.01157689999999, 4.3570677]"
www.mesmancommunicatie.nl/,"[51.98871090000001, 4.363129799999999]"
we4sea.com/,"[51.9233492, 4.4689952]"
hardt.global/,"[51.9994403, 4.3761734]"
https://www.yesdelft.com/lanefyld/,"[-1, -1]"
www.datreco.nl,"[51.99583879999999, 4.1958536]"
forze-delft.nl,"[51.9954778, 4.366459]"
https://www.yesdelft.com/startups/medishield/,"[52.0073261, 4.3564129]"
www.ampelmann.nl/,"[51.9902913, 4.3736008]"
www.loop-of-life.com/,"[51.994108, 4.3615691]"
abfresearch.nl/,"[52.0136165, 4.3591561]"
www.vicspace.nl/,"[51.98990939999999, 4.3753215]"
fulfoods.com/,"[52.0120819, 4.3569305]"
http://www.taniq.com/,"[51.9402817, 4.404222799999999]"
www.aandegracht.nl,"[52.1600164, 4.4916437]"
rebanrobotics.com,"[52.0109905, 4.3410499]"
www.carbonracing.nl/,"[52.0073261, 4.3564129]"
www.dynamic-ear.com/,"[51.99691079999999, 4.3822027]"
www.levitascomposites.com/,"[51.9662157, 5.3365293]"
www.slamortho.com,"[51.9934806, 4.387112399999999]"
seriousmeasures.nl/,"[51.9883282, 4.375128]"
https://www.yesdelft.com/startups/solar-monkey/,"[52.07915300000001, 4.341874]"
swapfiets.nl,"[52.0059264, 4.3561727]"
www.planet-b.io,"[52.0155137, 4.3389864]"
https://kabeldistrict.nl/werken/kd-lab/,"[51.9954775, 4.3664299]"
https://www.fatec-engineering.com/,"[52.0021919, 4.3735766]"
www.uhuw.nl,"[51.9876592, 4.376999]"
www.webvoordeelwinkel.nl,"[52.0048821, 4.3230322]"
chipin.nl,"[51.9864653, 4.3457019]"
www.sandgrain.eu/,"[51.99678960000001, 4.3736666]"
www.sceneryenzo.nl/,"[52.0063504, 4.3527379]"
www.akvo.org,"[52.0089365, 4.3566444]"
https://www.yesdelft.com/startups/envision/,"[52.079161, 4.341876099999999]"
www.singlequantum.com/,"[51.9862209, 4.3765162]"
https://www.yesdelft.com/civinic/,"[52.0114446, 4.358448399999999]"
www.aanmelder.nl,"[52.010623, 4.354971]"
https://www.yesdelft.com/phoenix-bone-tech/,"[52.0108204, 4.3546967]"
https://www.yesdelft.com/startups/supersola/,"[52.07346099999999, 4.33256]"
https://kabeldistrict.nl/werken/kd-campus/,"[51.9954775, 4.3664299]"
www.exo-l.com,"[51.9319644, 4.539745]"
delft-imp.nl/,"[51.9929128, 4.384589399999999]"
https://www.forze-delft.nl/,"[51.9954778, 4.366459]"
https://www.yesdelft.com/startups/skytree/,"[52.0123826, 4.3609108]"
http://www.stcorp.nl/,"[52.1582745, 4.489561999999999]"
https://www.yesdelft.com/aquablu/,"[51.9811913, 4.3394838]"
https://www.yesdelft.com/respyre/,"[51.9933333, 4.3869444]"
www.services2all.nl/,"[-1, -1]"
https://www.yesdelft.com/isis-space/,"[51.9893469, 4.362981899999999]"
https://www.yesdelft.com/urbandine/,"[52.0107928, 4.3579143]"
pietervanforeest.nl/,"[51.9882646, 4.360644400000001]"
www.plankenkoorts.com/,"[51.9965949, 4.3720159]"
www.biosphere.solar,"[-1, -1]"
https://www.yesdelft.com/startups/actiflow/,"[52.00107569999999, 4.3715851]"
https://www.yesdelft.com/startups/loqed/,"[52.1352604, 5.0328127]"
https://www.yesdelft.com/startups/momo-medical/,"[-1, -1]"
www.trcn-dienstverlening.nl,"[52.0026812, 4.369812800000001]"
https://www.yesdelft.com/startups/solar-works/,"[51.9992689, 4.3760013]"
www.zegwaardrioolontstopping.nl/,"[51.9904094, 4.3688366]"
www.element.nl,"[51.9971316, 4.3821028]"
https://www.ecorunner.nl/,"[51.9987717, 4.3756187]"
https://www.yesdelft.com/startups/flux/,"[51.9918562, 4.3668716]"
www.pyxis-discovery.com/index.html,"[51.9970001, 4.3850888]"
https://www.yesdelft.com/startups/peeeks/,"[51.9252166, 4.478866399999999]"
www.mapiq.com/,"[52.0200651, 4.351446]"
www.qooling.com,"[52.0902268, 4.3241856]"
www.delft-circuits.com,"[51.99515969999999, 4.3672984]"
https://www.yesdelft.com/startups/springscan-2/,"[52.0106433, 4.3565512]"
www.tribess.com/,"[51.99378069999999, 4.3871215]"
www.ict-services.nl,"[51.9904075, 4.373549500000001]"
www.femto.eu,"[52.0109057, 4.3562656]"
www.tweezijdig.nl/,"[51.986714, 4.3397469]"
https://www.yesdelft.com/startups/warp-industries/,"[52.0110891, 4.362297]"
https://ale.nl/,"[51.987045, 4.3688125]"
trading-engineered.com,"[-1, -1]"
www.safetychanger.com,"[51.9252166, 4.478866399999999]"
www.kitepower.nl,"[51.9952189, 4.3648123]"
fdi.nl/,"[51.9858836, 4.3876967]"
www.parapy.nl/,"[52.0165616, 4.3592207]"
https://www.yesdelft.com/startups/exo-l/,"[51.9319644, 4.539745]"
https://brunelsolarteam.com/,"[51.9877076, 4.3732893]"
https://www.yesdelft.com/startups/plotwise/,"[52.0102591, 4.3754903]"
https://www.dekoperenkat.nl/,"[51.994512, 4.365735000000001]"
www.senseglove.com,"[51.9933978, 4.386851099999999]"
www.34rose.nl,"[-1, -1]"
https://www.yesdelft.com/startups/mainblades-inspections/,"[52.0732682, 4.3268551]"
https://www.yesdelft.com/startups/ocrs/,"[-1, -1]"
www.valleyoptics.com/,"[52.0132438, 4.359768799999999]"
www.refreshingmenus.com,"[52.011416, 4.357928]"
www.thermeleon.nl/,"[52.00456730000001, 4.369791200000001]"
www.applikon-bio.com/en/,"[51.98684830000001, 4.377741299999999]"
www.primevision.com/,"[52.013972, 4.3768113]"
www.weatherfinecasting.com/,"[51.992878, 4.3846127]"
www.ruitenburg.nu/,"[52.0728416, 4.3992071]"
orangeqs.com,"[51.99588989999999, 4.382248]"
www.webbende.nl/,"[52.0025406, 4.3571422]"
http://www.hcinnovations.nl/,"[52.1631057, 4.4760939]"
denssolutions.com/,"[51.9976868, 4.3819]"
www.circularclockworks.com,"[52.0115582, 4.359761199999999]"
www.techmaus.nl/,"[-1, -1]"
https://www.yesdelft.com/startups/vibes-technology/,"[51.9936584, 4.3866591]"
https://www.yesdelft.com/voyc/,"[52.079161, 4.341876099999999]"
https://www.yesdelft.com/ocean-protocol/,"[51.9973405, 4.3542504]"
www.alterwood.nl,"[52.0056934, 4.3253747]"
www.globalventu.com,"[52.0021919, 4.3735766]"
www.systemsnavigator.com/,"[51.9960878, 4.3830309]"
raccoon.games/,"[51.995115, 4.3641391]"
https://www.yesdelft.com/startups/jacksavior/,"[51.99377750000001, 4.3871094]"
https://www.yesdelft.com/startups/physee/,"[52.000223, 4.3769195]"
www.lacquey.nl,"[51.9875137, 4.377083799999999]"
https://www.yesdelft.com/startups/disdro/,"[51.9964398, 4.3535056]"
www.comon-invent.com/,"[51.9847985, 4.335597]"
https://www.yesdelft.com/craytive-technologies/,"[51.9072758, 4.3458147]"
www.bizziphone.com,"[52.0127836, 4.3752202]"
www.gxgate.com,"[52.0109082, 4.3683907]"
https://www.yesdelft.com/startups/holland-container/,"[51.9876592, 4.376999]"
https://www.yesdelft.com/startups/aanmelder/,"[52.010623, 4.354971]"
humanwave.nl,"[51.99635499999999, 4.383808]"
mobilewatermanagement.nl/,"[51.99819670000001, 4.3784141]"
paramander.com,"[51.9952806, 4.3534353]"
https://www.yesdelft.com/startups/spore-bi/,"[52.1308097, 4.4624975]"
www.technologycatalogue.com/,"[52.0169156, 4.3587948]"
https://www.yesdelft.com/startups/projectcampus/,"[51.9976741, 4.378527399999999]"
www.sping.nl,"[52.0072329, 4.359632599999999]"
www.tracefy.com/,"[52.0404834, 4.3286722]"
infinipipe.com,"[52.0073261, 4.3564129]"
https://www.yesdelft.com/startups/delft-inversion/,"[52.0172671, 4.3438218]"
acoustic-insight.com/,"[51.9933333, 4.3869444]"
www.mountox.nl,"[51.9875137, 4.377083799999999]"
drukkerpro.nl/,"[52.000051, 4.3550867]"
www.mag-ic.nl/,"[51.9873308, 4.3662472]"
https://www.grafilabel.nl,"[51.9955515, 4.3666757]"
standoutnow.nl/,"[51.9960057, 4.3696579]"
www.birds.ai,"[52.079161, 4.341876099999999]"
https://www.innosysdelft.com/,"[52.0118613, 4.3718986]"
https://www.atmosuav.com/,"[52.0051925, 4.3749537]"
hyperiontechnologies.nl,"[51.9887573, 4.3631284]"
https://www.yesdelft.com/startups/myst-works/,"[-1, -1]"
sensar.nl,"[52.01430209999999, 4.3761632]"
biodentify.ai,"[51.9972436, 4.383291499999999]"
www.superlease.nl,"[51.9997589, 4.3422493]"
clevr.net/,"[51.9934806, 4.387112399999999]"
www.flexportal.nl,"[51.9934806, 4.387112399999999]"
www.eggplanned.com,"[52.0082797, 4.3660527]"
https://www.yesdelft.com/startups/e-trailer/,"[52.0404834, 4.3286722]"
https://www.yesdelft.com/startups/solar-swing/,"[51.9938289, 4.3873524]"
www.a-dato.com/,"[52.00701, 4.3667996]"
www.urbanaccess.nl,"[52.082293, 4.310724]"
www.estunt.nl/,"[52.0309306, 4.4463354]"
www.zite.nl/,"[52.0158375, 4.355077]"
www.phosphoenix.nl/,"[52.0110799, 4.3544436]"
https://www.yesdelft.com/startups/bolt-mobility/,"[-1, -1]"
https://www.yesdelft.com/startups/t-minus-engineering/,"[51.993398, 4.386851]"
memoryzer.com,"[52.0124626, 4.3594503]"
vsparticle.com/,"[52.0200651, 4.351446]"
https://www.yesdelft.com/startups/delight/,"[52.0060932, 4.3589986]"
www.rabbitblast.nl,"[52.0073579, 4.3744517]"
https://www.yesdelft.com/startups-unpluq/,"[51.9119156, 4.429697099999999]"
www.twinkletwinklestars.nl/,"[52.0063893, 4.3240373]"
https://www.yesdelft.com/startups/binkies/,"[52.0724731, 4.3990157]"
https://www.yesdelft.com/startup-micro-cosmos/,"[52.00965, 4.3631857]"
www.mylenses.nl/,"[52.0107887, 4.3582991]"
https://www.yesdelft.com/fairm/,"[51.9955693, 4.3666462]"
https://sa-asimov.nl/,"[52.0011883, 4.3726071]"
https://www.yesdelft.com/diwama/,"[52.0073261, 4.3564129]"
https://www.wavyr.com/,"[51.9897258, 4.3696766]"
triumphstudios.com/,"[52.0088449, 4.3668361]"
www.qualinx.nl/,"[51.9928105, 4.3850773]"
www.qlayers.com/,"[51.9875735, 4.3687707]"
www.surge-on.eu,"[51.9875872, 4.3771552]"
www.rewindplayfastforward.nl,"[52.0116509, 4.3528256]"
https://www.yesdelft.com/startups/we4sea/,"[51.9233492, 4.4689952]"
mobbr.com,"[52.0063185, 4.3635353]"
www.it4hire.nl,"[52.0104335, 4.3586539]"
bitnomica.com/,"[51.9938078, 4.3872596]"
www.triquanta.nl/,"[52.0104153, 4.3585926]"
https://www.yesdelft.com/gyrapod/,"[-1, -1]"
www.goedemiddag.nl,"[52.0130636, 4.3546829]"
https://www.t-minus.nl/,"[51.993398, 4.386851]"
https://www.yesdelft.com/agridata-innovations/,"[51.9934806, 4.387112399999999]"
www.vizionz.nl/,"[52.013972, 4.3768113]"
agilecockpit.com,"[52.02596, 4.35658]"
www.nen.nl,"[51.9884976, 4.362073]"
https://www.yesdelft.com/capitanvr/,"[52.0123826, 4.3609108]"
https://www.yesdelft.com/hoursec/,"[51.9680139, 4.403573199999999]"
www.t4design.nl/,"[51.9795062, 4.350252]"
www.wineswine.nl/,"[52.1569113, 4.4729833]"
www.pkfwallast.nl/en/home/,"[51.9973018, 4.3862656]"
https://www.composites.nl/,"[51.993323, 4.385606999999999]"
www.horti-ict.nl/index.html,"[51.9837786, 4.3535651]"
www.geosignum.nl/,"[51.9920317, 4.3885891]"
https://www.kitepower.nl,"[51.9952189, 4.3648123]"
www.ogd.nl,"[51.9904075, 4.373549500000001]"
www.mojo.nl/,"[52.01549, 4.352647999999999]"
flexous.com,"[51.9929128, 4.384589399999999]"
www.buhashop.com/,"[52.012729, 4.359017]"
www.seneca.nl,"[52.0279086, 4.3548078]"
sealeau.com/,"[52.0073261, 4.3564129]"
zanderlabs.com/,"[51.9972749, 4.3832719]"
https://www.yesdelft.com/startups/tradecloud/,"[51.99345599999999, 4.387212]"
https://www.yesdelft.com/startups/viktor/,"[51.92230139999999, 4.4700405]"
todaytomorrow.nl/,"[51.9251054, 4.4781675]"
www.villari.nl/,"[51.9934806, 4.387112399999999]"
www.seriatym.com,"[52.0073261, 4.3564129]"
www.imachine.nl,"[52.011197, 4.361871499999999]"
https://www.yesdelft.com/startups/faqtory/,"[52.0084443, 4.3602569]"
robobusinessmedia.com,"[52.0079807, 4.3713092]"
https://www.yesdelft.com/startups/delft-dynamics/,"[51.9931639, 4.3857805]"
www.medibo.nl,"[52.0093469, 4.3526808]"
www.barbaar.nl/,"[52.0115379, 4.3539802]"
https://www.yesdelft.com/startups/xinaps/,"[51.9931568, 4.385791999999999]"
www.tabdeelee.com,"[52.01157689999999, 4.3570677]"
https://www.exact.com/nl,"[51.990264, 4.389788999999999]"
https://aels.nl/,"[52.0339883, 4.4987289]"
dyvascloset.com/,"[52.0163872, 4.333339400000001]"
www.exact.com,"[51.990264, 4.389788999999999]"
site.calendar42.com,"[-1, -1]"
plotwise.com,"[52.0102591, 4.3754903]"
https://www.yesdelft.com/startups/tygron/,"[52.0880911, 4.3201461]"
https://www.yesdelft.com/duckduckgoose/,"[51.9933333, 4.3869444]"
https://www.yesdelft.com/startups/evening-breeze/,"[52.0072234, 4.369496199999999]"
uniresearch.com,"[51.9977797, 4.3853019]"
https://www.guldenbergracing.nl,"[52.0083877, 4.357071599999999]"
www.deltares.nl/,"[51.9857533, 4.380139]"
www.e-looks.nl/,"[52.0067251, 4.3603157]"
https://www.yesdelft.com/quantified-air/,"[52.1648643, 4.488318899999999]"
https://www.yesdelft.com/sunshower/,"[51.9933333, 4.3869444]"
https://www.yesdelft.com/startups/zorgkeuzelab/,"[52.0084416, 4.3602595]"
www.blue21.nl,"[52.0165616, 4.3592207]"
www.iszgro.nl/,"[51.9970001, 4.3850888]"
www.Brisecare.com,"[52.0102318, 4.3755226]"
www.sample.solutions,"[51.9232457, 4.469158699999999]"
www.medishielddelft.com,"[52.0073261, 4.3564129]"
www.sparksheet.io,"[52.0110306, 4.380840099999999]"
www.faqtory.nl/,"[52.0084443, 4.3602569]"
https://www.fsteamdelft.nl/,"[51.9950828, 4.3664064]"
https://www.yesdelft.com/arceon/,"[51.99515969999999, 4.3672984]"
https://www.yesdelft.com/startups/protension-composites/,"[-1, -1]"
4foldcontainers.com/,"[51.9876592, 4.376999]"
wolkenclothing.com/,"[52.0098366, 4.3625276]"
https://www.yesdelft.com/startups/goodhout/,"[51.909248, 4.422135]"
www.pixlbar.com,"[52.00647530000001, 4.3616319]"
www.perspektief.nl,"[51.9883755, 4.3605512]"
www.conceptsthatmatter.com,"[52.0107928, 4.3579143]"
https://www.yesdelft.com/startups/progauntlet/,"[-1, -1]"
www.cepezed.nl/en/,"[52.0090636, 4.3663842]"
www.looprobots.com/,"[52.0274624, 4.3529216]"
www.c-cube-international.com,"[51.9932666, 4.3857791]"
www.nightbalance.com/,"[52.0901732, 4.3242702]"
www.delft.nl/en,"[52.0070588, 4.3564324]"
www.aqysta.com/,"[51.9937797, 4.3871177]"
www.carbonx.nl/,"[51.9931568, 4.385791999999999]"
www.delightinteractive.com,"[52.0060932, 4.3589986]"
www.vanessen.com,"[51.9967134, 4.3831029]"
https://www.yesdelft.com/startups/mapiq/,"[52.0200651, 4.351446]"
www.symbaloo.com,"[52.01119629999999, 4.3618634]"
https://www.yesdelft.com/startups/aels/,"[52.0339883, 4.4987289]"
https://www.isispace.nl/,"[51.9893469, 4.362981899999999]"
www.wellsun.nl/,"[51.9931286, 4.386988]"
mmid-group.com,"[52.0062601, 4.3589593]"
https://www.yesdelft.com/conical-systems/,"[52.001742, 4.371436]"
https://www.dekabelfabriek.nl,"[51.9955921, 4.3668776]"
www.allocacoc.com/,"[51.9884905, 4.3751035]"
https://www.yesdelft.com/startups/olympian/,"[52.0021919, 4.3735766]"
www.aenova.nl,"[52.0049663, 4.3618999]"
vastinvorm.nl/,"[52.01809309999999, 4.3543046]"
www.delmic.com/,"[52.0084743, 4.3685027]"
caricecars.com/en/,"[51.994512, 4.365735000000001]"
www.delftdynamics.nl/,"[51.9931639, 4.3857805]"
www.supersola.com/,"[-1, -1]"
veramaris.com,"[-1, -1]"
e-semble.com/,"[52.0027853, 4.354036499999999]"
https://www.yesdelft.com/startups/intespring/,"[52.0278297, 4.353231699999999]"
www.mocs.nl/,"[51.9932375, 4.385853]"
www.3dsoftware.nl,"[51.9876592, 4.376999]"
pats-drones.com/,"[51.98990939999999, 4.3753215]"
https://www.yesdelft.com/startups/bitnomica/,"[51.9933333, 4.3869444]"
www.octatube.nl/,"[52.0009082, 4.3668753]"
www.turff.nl/,"[51.9951269, 4.3673132]"
https://www.yesdelft.com/startups/carice/,"[52.0021919, 4.3735766]"
www.harddisk-recovery.nl,"[51.9971933, 4.3821628]"
https://zorgkeuzelab.nl/,"[52.0084416, 4.3602595]"
https://www.yesdelft.com/tiler/,"[51.9936995, 4.3717256]"
www.awebsolution.nl/,"[52.0480831, 4.3324029]"
https://www.yesdelft.com/startups/yooom/,"[51.997703, 4.339659999999999]"
joaairsolutions.com,"[51.9972436, 4.3832914]"
www.vsl.nl,"[51.9854026, 4.388173699999999]"
https://www.yesdelft.com/startups/recycling-avenue/,"[51.991269, 4.388051]"
https://vsv.tudelft.nl/,"[52.0006166, 4.370952]"
https://www.yesdelft.com/startups/new-compliance/,"[52.0902441, 4.3248255]"
https://www.yesdelft.com/startups/mcnetiq-controlock/,"[51.8965672, 4.4201845]"
www.appsilonscientific.com,"[52.0073261, 4.3564129]"
https://www.yesdelft.com/startups/taniq/,"[52.0021919, 4.3735766]"
https://www.yesdelft.com/startups/parapy/,"[52.0165616, 4.3592207]"
https://www.mars-one.com/,"[52.0106024, 4.358458199999999]"
www.qsight.nl/,"[51.4133347, 5.4256307]"
https://www.yesdelft.com/startups/eternal-sun/,"[52.0643895, 4.3833036]"
www.aame.nl,"[52.01453069999999, 4.3758036]"
vanklassemode.nl/,"[51.9974202, 4.3542518]"
flexsolsolutions.com,"[51.9921359, 4.3728042]"
www.teamtakt.nl/bedrijven,"[52.006074, 4.359052]"
https://www.keykeg.com/,"[51.9029834, 4.4586949]"
delft-circuits.com,"[51.99515969999999, 4.3672984]"
www.economy.nl/,"[52.0090759, 4.3582886]"
www.robot-rose.nl/nc/home,"[-1, -1]"
www.riscure.com,"[51.9979163, 4.3856156]"
https://www.yesdelft.com/startups/flux-medical-systems/,"[51.68645960000001, 5.3035621]"
mediamedics.nl,"[52.0093263, 4.3537469]"
www.west.nl,"[51.98871090000001, 4.363129799999999]"
www.skopei360.com/,"[52.007223, 4.369496]"
www.fotobister.nl,"[52.012225, 4.358957999999999]"
www.dentallect.nl,"[52.026802, 5.177269799999999]"
vibestechnology.com/,"[51.9936584, 4.3866591]"
kinergizer.com,"[51.9928105, 4.3850773]"
nerdslikeus.nl/,"[51.9973396, 4.3532074]"
https://www.yesdelft.com/startups/im-systems/,"[52.034095, 4.3462247]"
https://www.yesdelft.com/startups/qlayers/,"[51.9875735, 4.3687707]"
www.allrackets.com,"[51.9882074, 4.3741676]"
www.biznizcoach.nl/,"[52.0084885, 4.3642017]"
https://www.yesdelft.com/startups/seastate5/,"[51.9934806, 4.387112399999999]"
https://www.yesdelft.com/rti-blockchain/,"[52.0258854, 4.3570234]"
svlife.nl/nl,"[51.9897321, 4.3796852]"
sireto.com,"[52.0021919, 4.3735766]"
onlinepaymentplatform.com,"[52.0063185, 4.3635353]"
www.crosslinemedia.nl,"[52.0079547, 4.372591]"
padelcity.nl,"[51.99523869999999, 4.3647909]"
https://www.airborne.com/,"[51.9952189, 4.3648123]"
variscopic.nl,"[52.0008965, 4.3719732]"
www.artefact.nl,"[52.0154816, 4.3595727]"
https://www.yesdelft.com/startups/gerrard-street/,"[52.0021919, 4.3735766]"
flapper-drones.com/wp/,"[-1, -1]"
https://www.yesdelft.com/startups/perclass/,"[51.99107309999999, 4.3891477]"
onlinepaymentplatform.com/,"[52.0063185, 4.3635353]"
www.mobycon.nl,"[52.0045809, 4.3599744]"
www.dentalrobotics.nl/,"[52.0069724, 4.3221871]"
jiaco-instruments.com/,"[52.0014009, 4.3668872]"
papiopad.nl/,"[52.0044608, 4.3597039]"
https://www.yesdelft.com/startups/viazym/,"[51.9931568, 4.385791999999999]"
breeze.social,"[52.0072234, 4.369496199999999]"
https://actiflow.com/,"[51.592381, 4.769365]"
www.carya.nl,"[51.9875137, 4.377083799999999]"
www.prowareness.nl/,"[52.0259787, 4.3565912]"
www.ikea.com/,"[52.01291399999999, 4.3816519]"
www.smart-ship.eu/,"[51.9934806, 4.387112399999999]"
Kijkmijnhuis.nl,"[52.0123799, 4.353125299999999]"
nmi.nl/,"[51.9866349, 4.3861718]"
https://www.yesdelft.com/vertigo-technologies/,"[51.44690139999999, 5.4929752]"
massence.com,"[52.0118515, 4.3579232]"
www.birdcontrolgroup.com,"[51.9931085, 4.3853591]"
www.allesvoordefiets.nl/,"[52.0119634, 4.3629305]"
www.sharesquare.com,"[51.9937577, 4.387034799999999]"
www.lemon-internet.nl/,"[52.0181067, 4.3659229]"
https://www.yesdelft.com/startups/elemental-water-makers/,"[52.097894, 4.2646807]"
fontoplumo.nl/shop/en/,"[52.0126421, 4.3619298]"
https://www.yesdelft.com/startups/parkbee/,"[52.007724, 4.357928999999999]"
www.giv-it.nl,"[52.0066161, 4.3597389]"
officevitae.com,"[51.9933333, 4.3869444]"
askroger.nl,"[51.99750299999999, 4.3845573]"
https://www.yesdelft.com/upatch/,"[51.9934806, 4.387112399999999]"
www.delftsblaeu.nl/,"[51.994512, 4.365735000000001]"
www.hordijk.nl/,"[51.9988339, 4.3685854]"
en.laevo.nl/,"[52.0279696, 4.3538133]"
coolloom.nl/,"[52.0118724, 4.3675934]"
www.dab.bio,"[52.0154815, 4.3389072]"
www.ephicas.eu/,"[51.993343, 4.386515999999999]"
www.dianafea.com,"[51.98585190000001, 4.3877016]"
www.perclass.com/,"[51.99107309999999, 4.3891477]"
https://www.viktor.ai/,"[51.92230139999999, 4.4700405]"
https://www.yesdelft.com/dab/,"[52.0154815, 4.3389072]"
https://novaracing.nl/,"[51.9993527, 4.3763208]"
www.delfly.nl,"[52.0021919, 4.3735766]"
https://www.yesdelft.com/medvice/,"[52.0093469, 4.3526808]"
www.goodhout.com/,"[51.909248, 4.422135]"
vpinstruments.com,"[52.0035034, 4.343611999999999]"
hal015.nl,"[51.9946035, 4.3674857]"
https://www.yesdelft.com/startups/blue21/,"[52.0165616, 4.3592207]"
www.delfthyperloop.nl,"[51.9994403, 4.3761734]"
www.qiqaboo.com,"[51.9989085, 4.3537551]"
polytential.eu/,"[51.9934806, 4.387112399999999]"
www.insocial.eu,"[52.0123793, 4.3531238]"
peeeks.energy/,"[51.9252166, 4.478866399999999]"
www.qdelft.nl,"[52.0077787, 4.3674251]"
https://www.yesdelft.com/effect-ai/,"[51.9825096, 4.3727833]"
https://www.yesdelft.com/magneto/,"[51.929828, 4.4010033]"
www.dutchuas.nl,"[52.0021919, 4.3735766]"
https://www.yesdelft.com/vizionz-engineering/,"[52.0021919, 4.3735766]"
dewoodstok.nl,"[52.0073261, 4.3564129]"
https://www.yesdelft.com/startups/infotron/,"[51.9933333, 4.3869444]"
maeve.aero,"[51.9934806, 4.387112399999999]"
dredging.org,"[51.9875137, 4.377083799999999]"
https://www.yesdelft.com/cyberhydra/,"[52.0021919, 4.3735766]"
https://www.facebook.com/HPTDelft,"[51.9993119, 4.3761652]"
www.jacksavior.com,"[51.99377750000001, 4.3871094]"
https://www.yesdelft.com/startups-daphne-textile/,"[51.9933333, 4.3869444]"
www.rocsys.com/,"[52.03428479999999, 4.346220199999999]"
www.nuonsolarteam.nl/,"[51.9877076, 4.3732893]"
www.delftspectech.com/,"[51.99515969999999, 4.3672984]"
www.bioclin.com/,"[51.9979163, 4.3856156]"
https://www.yesdelft.com/startup-source/,"[52.0106433, 4.3565512]"
www.seastate5.com,"[51.9934806, 4.387112399999999]"
simpact.co,"[52.01060289999999, 4.3571323]"
parkerendelft.com,"[52.0108204, 4.3546967]"
www.minimeforyou.nl/,"[52.01753, 4.3315164]"
https://www.yesdelft.com/startups/atmos/,"[51.9897688, 4.3754265]"
www.nashinvestment.com/,"[51.9858836, 4.3876967]"
slimygreenstuff.com/,"[51.9987249, 4.3734335]"
www.ceadgroup.com/,"[51.9888908, 4.3692288]"
petitemuslima.com/,"[-1, -1]"
https://www.yesdelft.com/mangostone/,"[51.9933333, 4.3869444]"
plafonddroogrek.nl/,"[52.0257626, 4.3556992]"
www.fox-it.com/en/,"[52.0134579, 4.3772951]"
www.nowi-energy.com,"[51.9930181, 4.3858242]"
greetinq.com/,"[51.9938098, 4.3872674]"
https://www.yesdelft.com/maeve-aero/,"[51.9934806, 4.387112399999999]"
www.uvsmart.nl/,"[52.0276055, 4.3553372]"
https://www.yesdelft.com/effect-ai-2/,"[52.0084746, 4.368503]"
https://dare.tudelft.nl/,"[51.9974417, 4.3752134]"
manometric.nl/,"[52.0706824, 4.3974403]"
bigmile.eu,"[52.1395189, 5.0406552]"
https://www.yesdelft.com/startups/ubiqu/,"[51.9568101, 4.491927599999999]"
https://www.houtwerk-delft.nl,"[51.994512, 4.365735000000001]"
https://www.yesdelft.com/dawn-aerospace/,"[-1, -1]"
www.interweave.nl,"[52.1295643, 4.6706755]"
www.webchair.com,"[51.9936607, 4.3866678]"
https://flysilverwing.com/,"[51.9890254, 4.3757437]"
orbitaleye.nl/,"[52.01430209999999, 4.3761632]"
https://www.yesdelft.com/startups/vfa-solutions/,"[51.9079668, 4.3857556]"
www.isispace.nl,"[51.9893469, 4.362981899999999]"
www.balancedeau.nl/,"[-1, -1]"
mayht.com/,"[52.009916, 4.3565072]"
www.pluton.nl,"[52.0021919, 4.3735766]"
www.operationair.org/,"[51.98990939999999, 4.3753215]"
https://www.yesdelft.com/startups/bluebee/,"[52.0500304, 4.349787099999999]"
https://www.yesdelft.com/villari/,"[51.9934806, 4.387112399999999]"
www.dc-hive.com/,"[51.9934806, 4.387112399999999]"
www.tjip.com/,"[51.9975225, 4.3813456]"
www.oliviawireless.com,"[52.0021919, 4.3735766]"
vizeno.nl/,"[-1, -1]"
https://www.yesdelft.com/qblox/,"[51.9959388, 4.3824343]"
https://www.yesdelft.com/startups/vertepac/,"[52.2138, 4.929328700000001]"
bluemesa.nl/,"[52.1298437, 4.6318599]"
https://aerodelft.nl/,"[51.98990939999999, 4.3753215]"
www.orangewings.nl/,"[52.0098023, 4.3557828]"
https://www.yesdelft.com/shm-next/,"[51.9934806, 4.387112399999999]"
www.happymatters.nl,"[52.0110269, 4.3697953]"
www.solvge.com/,"[51.9933333, 4.3869444]"
fleetcleaner.com,"[52.00803, 4.3713108]"
www.praxasense.com/,"[51.9937918, 4.3871633]"
https://repaircafedelft.nl/,"[51.99819670000001, 4.3784141]"
https://www.yesdelft.com/noria/,"[51.9933333, 4.3869444]"
woohoodesign.nl/,"[52.01128869999999, 4.3299147]"
https://www.yesdelft.com/startups/tvilight/,"[52.0021919, 4.3735766]"
www.teamers.nl,"[52.0071695, 4.3608088]"
https://rescue.resqtec.com/,"[52.2684021, 4.5624633]"
www.dreamsolution.nl,"[52.00458, 4.359974]"
www.spectralindustries.com/,"[51.99515969999999, 4.3672984]"
www.sarensar.nl,"[51.98195, 4.3790094]"
https://www.yesdelft.com/startups/shake-on/,"[52.0123826, 4.3609108]"
www.mapperlithography.com,"[51.9982081, 4.3813292]"
www.un-ihe.org,"[52.0089365, 4.3566444]"
www.presentconnection.eu/,"[52.0061131, 4.3761029]"
aerlabs.com/,"[51.9234551, 4.4691239]"
https://www.yesdelft.com/startups/prognoix/,"[51.9936732, 4.3867152]"
https://www.yesdelft.com/startups/ubiops/,"[52.079161, 4.341876099999999]"
www.abelsensors.com/,"[52.0161105, 4.3527964]"
www.jewelsuite.com,"[-1, -1]"
https://www.raccoon.games,"[51.995115, 4.3641391]"
www.myadjuvo.com,"[51.9933333, 4.3869444]"
qblox.com/,"[51.9959388, 4.3824343]"
vortech.nl,"[52.0025497, 4.3535353]"
www.dutchblue.com/,"[-1, -1]"
https://www.yesdelft.com/startups/bird-control-group/,"[51.9931085, 4.3853591]"
https://www.yesdelft.com/sensible/,"[51.99309359999999, 4.386336399999999]"
https://www.yesdelft.com/startups/breeze-2/,"[51.9933333, 4.3869444]"
https://www.yesdelft.com/startups/loop/,"[-1, -1]"
https://www.teamepoch.net/,"[51.9993306, 4.375833699999999]"
https://www.yesdelft.com/startups/frameflux-b-v/,"[-1, -1]"
www.hukseflux.com/,"[51.9978566, 4.3835423]"
https://ursaminor.nl/,"[-1, -1]"
www.gobiond.com/,"[51.9931568, 4.385791999999999]"
https://www.yesdelft.com/startups/tarnoc/,"[51.9934806, 4.387112399999999]"
https://www.yesdelft.com/startups/bbbls/,"[52.0674067, 4.349006999999999]"
https://www.yesdelft.com/startups/dynamic-ear-company/,"[51.99691079999999, 4.3822027]"
prosim-ar.com/,"[51.9868101, 4.375590799999999]"
https://www.yesdelft.com/startups/slam-orthopedic/,"[51.9934806, 4.387112399999999]"
www.demobv.nl,"[51.9975086, 4.3846725]"
https://www.dotpower.nl,"[51.9944697, 4.3676233]"
www.kempen-begeer.nl/,"[52.015474, 4.300694]"
www.connekt.nl,"[52.0089602, 4.3661372]"
www.conferencecompass.com/,"[52.0739379, 4.334913999999999]"
councyl.ai/en/councyl-makes-decision-support-av...,"[51.9974911, 4.3791391]"
https://www.yesdelft.com/startups/vsparticle/,"[52.0200651, 4.351446]"
https://www.yesdelft.com/startups/whiffle/,"[51.992878, 4.3846127]"
www.xvrsim.com/,"[52.0027853, 4.354036499999999]"
www.quantware.eu/,"[51.99588989999999, 4.382248]"
https://www.yesdelft.com/startups/bi-ond/,"[51.9931568, 4.385791999999999]"
pinkie.nu,"[51.8913794, 4.500183499999999]"
tilercharge.com/,"[51.9936995, 4.3717256]"
www.bkcookware.com/,"[52.0154709, 4.3006977]"
www.leanlibrary.com/,"[52.0093183, 4.3580987]"
https://e-trailer.nl/,"[52.0404834, 4.3286722]"
https://www.yesdelft.com/startups/643-2/,"[52.079161, 4.341876099999999]"
www.innovattic.com/,"[52.0180324, 4.3543048]"
www.laurganiq.nl/,"[52.0106847, 4.3626586]"
https://www.yesdelft.com/startups/polytential/,"[51.9934806, 4.387112399999999]"
https://reihoutbewerking.nl,"[51.994512, 4.365735000000001]"
www.ictkring-delft.nl,"[52.0085321, 4.3599843]"
www.orangepearl.com,"[52.02586729999999, 4.3570093]"
https://www.yesdelft.com/startups/tocano/,"[52.0133198, 4.354555299999999]"
ans.app,"[51.9931568, 4.385791999999999]"
www.purasec.nl/nl/,"[51.9887751, 4.3632725]"
www.sentimention.com,"[51.9883156, 4.3609593]"
https://www.yesdelft.com/biofashiontech/,"[52.0154815, 4.3389072]"
https://www.yesdelft.com/startups/single-quantum/,"[51.9862209, 4.3765162]"
www.bosstudelft.nl,"[52.0054498, 4.3698643]"
https://www.yesdelft.com/startups/mgaubel/,"[51.9936607, 4.3866678]"
https://www.yesdelft.com/startups/c-cube/,"[51.9932666, 4.3857791]"
www.omgevingsalert.nl/,"[52.0088449, 4.3668361]"
xinaps.com/,"[51.9931568, 4.385791999999999]"
9signals.com,"[52.012372, 4.353133199999999]"
https://www.yesdelft.com/startups/mythronics/,"[51.9934806, 4.387112399999999]"
denoize.com/,"[51.9936732, 4.3867152]"
www.shake-on.com/,"[52.01275589999999, 4.3573689]"
geschenkenlaantje.eu/,"[51.984628, 4.37269]"
https://www.yesdelft.com/the-datacenter-group/,"[51.9876678, 4.3782932]"
www.pyropower.eu,"[52.1846107, 4.4760795]"
solarswing.com/,"[51.9938289, 4.3873524]"
https://www.yesdelft.com/startups/flexsol-solutions/,"[51.9921359, 4.3728042]"
thefuturemobility.network/,"[51.992878, 4.3846127]"
www.insyde.nl,"[52.0093185, 4.3580985]"
https://ch.tudelft.nl/,"[51.9986784, 4.3730555]"
http://www.wabco-auto.com/wabco/,"[51.9943985, 4.4022457]"
www.e-mergo.nl,"[51.9963189, 4.3848956]"
www.ejbdesignery.nl,"[51.9916931, 4.3716525]"
https://www.yesdelft.com/startups/geosignum/,"[51.9920317, 4.3885891]"
https://www.yesdelft.com/startups/sd-insights/,"[51.9928105, 4.3850773]"
https://www.dehaagsehogeschool.nl/,"[52.001878, 4.367376]"
https://www.yesdelft.com/startups/somnox-2/,"[51.9937319, 4.386937000000001]"
www.zorgkeuzelab.nl/,"[52.0084416, 4.3602595]"
www.zeroemissionfuels.com/,"[52.0073261, 4.3564129]"
newestindustry.nl,"[51.99754910000001, 4.3814223]"
sintjansbrug.nl,"[52.0094302, 4.3580112]"
www.cbdmiddelen.nl/,"[52.0083723, 4.3611882]"
2bmedia.nl/,"[52.01806140000001, 4.3614865]"
www.kindowblinds.com/,"[51.9929322, 4.3858403]"
bryder.com/,"[52.0063629, 4.366361299999999]"
www.disdro.com,"[51.9964398, 4.3535056]"
3komma14.nl/,"[-1, -1]"
www.ebusinesspro.nl/,"[52.003043, 4.342905]"
https://www.yesdelft.com/startups/fusion-engineering/,"[51.9901439, 4.3752523]"
grayham.nl/,"[-1, -1]"
www.basiliskconcrete.com/,"[51.9849104, 4.3772686]"
www.momomedical.com,"[51.9931568, 4.385791999999999]"
gilotechnologies.com/,"[-1, -1]"
qutech.nl/,"[52.0003988, 4.3750165]"
www.anteverta-mw.com/,"[51.4140836, 5.458589]"
mqmlegal.com,"[51.9865828, 4.3456304]"
https://flyaeolus.com/nl/,"[51.8728541, 4.3717782]"
https://ke-chain.com/nl/,"[51.99364, 4.387074]"
https://www.yesdelft.com/startups/circularise/,"[52.079161, 4.341876099999999]"
www.charlietemple.com,"[51.9245706, 4.4315756]"
https://www.yesdelft.com/startups/innovattic/,"[52.0180324, 4.3543048]"
https://www.processflowsystems.com,"[-1, -1]"
plurasculp.nl,"[-1, -1]"
https://flexsolsolutions.com/,"[51.9921359, 4.3728042]"
wavyr.com,"[51.9897258, 4.3696766]"
www.xelion.com,"[52.0129771, 4.3750133]"
www.medicaldelta.nl/,"[52.0093469, 4.3526808]"
www.ambachtdelft.nl,"[52.01395609999999, 4.3514133]"
https://www.yesdelft.com/acoustic-insight/,"[52.0021919, 4.3735766]"
watermappers.com,"[52.0072024, 4.3572146]"
suit-case.nl,"[51.9189545, 4.4725682]"
www.cityanalytics.nl/,"[51.9933333, 4.3869444]"
weaverhq.com,"[52.0020532, 4.3699161]"
www.samson-it.nl,"[51.99674539999999, 4.3832054]"
elcies.com,"[51.9876592, 4.376999]"
www.elemetal.eu/,"[51.9826105, 4.3745078]"
rhmdc.nl/,"[51.9971107, 4.3383088]"
https://www.highlightdelft.nl/?lang=nl,"[51.99819670000001, 4.3784141]"
magneto.systems,"[51.929828, 4.4010033]"
fusion.engineering/,"[51.9901439, 4.3752523]"
it4success.nl/,"[52.0258671, 4.356980099999999]"
www.delftsebanen.nl/,"[51.9897735, 4.3697553]"
scct.nl,"[51.99750299999999, 4.3845573]"
www.knottenwol.nl,"[52.0114908, 4.3633088]"
https://www.yesdelft.com/shore-systems/,"[51.9934806, 4.387112399999999]"
https://www.yesdelft.com/lexiq/,"[52.0019455, 4.3700323]"
www.nurtio.com,"[52.0258854, 4.3570234]"
www.calcasa.nl,"[52.01157689999999, 4.3570677]"
www.code.nl/nl/home,"[52.0170196, 4.3464757]"
www.placert.com/,"[51.982128, 4.3465737]"
www.kalpana-systems.com/,"[51.9931568, 4.385791999999999]"
www.radioaccess.nl,"[51.9896421, 4.3709503]"
www.windchallenge.com,"[-1, -1]"
planmaat.nl/index.php,"[52.0040397, 4.3583719]"
www.i-site.nl,"[52.0064554, 4.357440899999999]"
www.six-pack.nl/,"[52.0098493, 4.364354]"
imounts.nl/,"[51.99871599999999, 4.3543649]"
https://www.yesdelft.com/sit-heat/,"[51.9933333, 4.3869444]"
https://www.yesdelft.com/startups/synext/,"[51.9933333, 4.3869444]"
https://www.yesdelft.com/startups/solho/,"[52.0093283, 4.364138899999999]"
www.mbsdh.nl/,"[52.007483, 4.327715]"
business.synano-cooling.com,"[51.993244, 4.3857298]"
www.thetimcompany.com,"[51.98544889999999, 4.3883453]"
www.anything-connected.com,"[51.9933978, 4.386851099999999]"
www.barcelonete.com,"[52.0108605, 4.358571299999999]"
https://www.inholland.nl/,"[52.0001973, 4.368856399999999]"
https://www.marmalademusic.nl,"[51.9952702, 4.3650189]"
www.mythronics.com,"[51.9934806, 4.387112399999999]"
www.durfdigital.nl/,"[-1, -1]"
www.getroadmap.com,"[52.0119161, 4.3535994]"
www.zepholding.com/,"[51.9971563, 4.3831019]"
hellocrumpet.co.uk,"[51.9886259, 4.3717195]"
www.p2endure-project.eu,"[-1, -1]"
www.ke-chain.com/,"[51.99364, 4.387074]"
www.agium.nl/,"[51.9969002, 4.3822087]"
www.tradecloud1.com,"[51.99345599999999, 4.387212]"
e-trailer.nl/,"[52.0404834, 4.3286722]"
www.stcorp.nl,"[52.1628572, 4.4886643]"
https://www.yesdelft.com/startups/conference-compass/,"[52.0739379, 4.334913999999999]"
www.checkzis.com,"[51.9974151, 4.3537054]"
soopexclusive.com/,"[52.01427349999999, 4.3537422]"
www.hydrologic.com,"[52.0071396, 4.3582239]"
elementalwatermakers.com,"[52.097894, 4.2646807]"
https://www.yesdelft.com/startups/hardt/,"[51.9119156, 4.429697099999999]"
www.groundstate.nl,"[52.0111877, 4.3618287]"
kissthefrog.nl,"[52.0206557, 4.351926499999999]"
www.backupagent.com,"[52.0126751, 4.375336]"
www.lumos-dev.com/,"[51.9934806, 4.387112399999999]"
https://www.yesdelft.com/startups/ke-works/,"[51.99364, 4.387074]"
skyframes.nl,"[52.0073261, 4.3564129]"
https://www.yesdelft.com/startups/feedbackfruits-2/,"[51.9933333, 4.3869444]"
https://www.yesdelft.com/startups/motortourer/,"[52.0074024, 4.3516956]"
https://www.yesdelft.com/startups/gyromotics/,"[51.9934806, 4.387112399999999]"
www.juliasbags.nl,"[52.0110162, 4.358865499999999]"
https://www.yesdelft.com/startups/clevr/,"[51.9934806, 4.387112399999999]"
gorespyre.com/,"[51.9933333, 4.3869444]"
www.slimapplications.com/,"[52.0072234, 4.369496199999999]"
www.ale.nl,"[51.987045, 4.3688125]"
socialinnovation-europe.com/,"[51.9933333, 4.3869444]"
www.pan4gold.nl,"[-1, -1]"
smokeygoodness.com/,"[51.9913301, 4.373305]"
www.marquake.com,"[51.9883156, 4.3609593]"
www.bpf.eu,"[52.0185452, 4.343770999999999]"
www.spectx.nl/,"[52.01060289999999, 4.3571323]"
www.ruitendame.nl/,"[52.01738659999999, 4.3544653]"
www.asgnederland.nl/,"[52.0142839, 4.3761345]"
www.ilovedesigners.nl/,"[52.0095959, 4.359202499999999]"
https://www.yesdelft.com/tective-robotics/,"[52.1861732, 4.470518999999999]"
www.tdvg.nl,"[51.99377990000001, 4.3871185]"
https://www.yesdelft.com/dental-robotics/,"[52.0069724, 4.3221871]"
www.brightsight.com,"[52.02648689999999, 4.3574769]"
www.meatable.com/,"[52.0184194, 4.3411599]"
dutchincubator.nl/,"[51.9933333, 4.3869444]"
https://www.yesdelft.com/startups/delmic/,"[52.0084743, 4.3685027]"
https://www.delftsolardecathlon.com/,"[52.0021919, 4.3735766]"
www.mymembersoftware.com,"[52.00153450000001, 4.3397629]"
www.kinesis.nl/,"[52.0101446, 4.3707608]"
kopano.com/,"[51.996367, 4.3849652]"
www.oldelft.com/,"[51.9877908, 4.3811004]"
www.type22.aero/,"[-1, -1]"
vertigo-tech.com/,"[51.9933333, 4.3869444]"
www.wegain.nl/,"[51.9897258, 4.3696766]"
omniyou.nl,"[52.000051, 4.3550867]"
pinewood.nl/,"[51.9972388, 4.3841281]"
www.leeghwater.nl/nl/studenten,"[52.0003857, 4.3721456]"
spectral-i.com,"[51.99515969999999, 4.3672984]"
www.inkless.ink,"[52.0041371, 4.3511921]"
maketek.nl,"[51.982496, 4.3728009]"
https://gtm-as.com/,"[52.043065, 4.355509]"
www.advier.nl,"[52.0086196, 4.3688782]"
varows.com,"[52.0109082, 4.3683907]"
www.delftrobotics.com,"[52.0015633, 4.367928399999999]"
www.topdealer.nl,"[52.0106074, 4.3617468]"
www.royaldelft.com,"[52.0014009, 4.3668872]"
https://www.yesdelft.com/startups/nowi/,"[51.9930181, 4.3858242]"
www.stilwearable.com/,"[51.9931568, 4.385791999999999]"
www.imsystems.nl,"[52.034095, 4.3462247]"
www.dewarmte.nl/,"[51.9934806, 4.387112399999999]"
www.biotechcampusdelft.com,"[52.0154815, 4.3389072]"
www.teinstruments.com/,"[51.9826105, 4.3745078]"
www.luvion.com/,"[52.0265165, 4.3634204]"
kippzonen.com,"[52.0633632, 4.5314903]"
hospitalityservicedelft.nl/,"[52.00663429999999, 4.357507]"
https://www.yesdelft.com/startups/eave/,"[51.9897258, 4.3696766]"
https://www.yesdelft.com/startups/embedded-acoustics/,"[51.9873715, 4.3676772]"
https://www.yesdelft.com/startups/laevo/,"[52.0279696, 4.3538133]"
https://www.yesdelft.com/natures-principles/,"[52.0021919, 4.3735766]"
www.vabi.nl/,"[52.0258804, 4.362718800000001]"
robohouse.nl/,"[52.00805219999999, 4.371319]"
https://www.yesdelft.com/startups/sense-glove/,"[51.9933978, 4.386851099999999]"
www.gemvision.io,"[51.9071995, 4.462739399999999]"
https://www.yesdelft.com/braindrop/,"[51.9933333, 4.3869444]"
www.vorminstijl.nl,"[52.013583, 4.3543411]"
www.jetcamp.com,"[51.9875137, 4.377083799999999]"
involvit.nl,"[51.9876616, 4.3768414]"
projectonderdelen.nl/,"[-1, -1]"
www.dlserv.nl/,"[51.9928105, 4.3850773]"
https://www.jacksavior.com/,"[51.99377750000001, 4.3871094]"
www.forze-delft.nl/,"[51.9954778, 4.366459]"
https://www.yesdelft.com/startups/delft-circuits/,"[51.99515969999999, 4.3672984]"
www.sporebi.com,"[52.1308097, 4.4624975]"
www.physee.eu/,"[52.000223, 4.3769195]"
www.iqevents.nl/,"[52.0040438, 4.344659399999999]"
